,Unnamed: 0,Unnamed: 0.1,Suburb,ID,0 to 4,5 to 19,20 to 39,40 to 59,60+,Not Stated,Machinery,Labourers,Community,Technicians,Sales,Clerical,Managers,Professionals,Born in Australia,Total
0,0,0,Abbotsford,627,319.0,535.0,4740.0,1582.0,997.0,92,78,182,472,396,378,541,860,2179,4512,8184
1,1,1,Aberfeldie,647,179.0,897.0,850.0,1281.0,684.0,37,43,92,203,218,242,336,384,564,3021,3897
2,2,2,Airport West,757,463.0,1012.0,2240.0,1920.0,1932.0,71,225,246,365,503,371,605,466,758,5064,7564
3,3,3,Albanvale,787,371.0,1000.0,1621.0,1373.0,1129.0,55,289,418,208,321,201,233,121,199,2287,5491
4,4,4,Albert Park,797,367.0,938.0,1469.0,1943.0,1493.0,69,22,76,184,159,263,327,760,1209,4095,6215
5,5,5,Albion,837,340.0,600.0,2022.0,978.0,791.0,49,203,350,237,277,178,229,138,307,1847,4731
6,6,6,Alphington,1047,222.0,955.0,1443.0,1585.0,881.0,30,46,105,234,194,226,327,500,1160,3765,5080
7,7,7,Altona,1057,668.0,1565.0,2836.0,3008.0,2692.0,85,295,313,488,648,421,787,729,1331,6955,10762
8,8,8,Altona Meadows,1127,1180.0,3056.0,5669.0,5404.0,3849.0,162,938,989,949,1267,836,1426,800,1538,11336,19160
9,9,9,Altona North,1137,933.0,1948.0,3444.0,2676.0,3163.0,91,368,407,442,694,455,663,577,935,6589,12152
10,10,10,Ardeer,1507,224.0,478.0,1043.0,704.0,650.0,39,156,186,157,167,86,154,94,216,1438,3103
11,11,11,Armadale,1587,461.0,1179.0,3270.0,2139.0,2002.0,81,47,162,391,267,464,646,910,1919,5811,9054
12,12,12,Ascot Vale,1757,1062.0,2252.0,5158.0,4054.0,2232.0,116,215,411,782,591,600,1005,1208,2684,9499,14750
13,13,13,Ashburton,1787,519.0,1646.0,1726.0,2344.0,1533.0,52,56,151,295,253,292,459,706,1401,5395,7751
14,14,14,Ashwood,1807,405.0,1200.0,2043.0,1773.0,1466.0,52,87,189,306,318,302,415,473,984,3883,6886
15,15,15,Aspendale,1817,446.0,1428.0,1586.0,2120.0,1359.0,56,95,161,365,445,337,554,531,976,5235,6940
16,16,16,Aspendale Gardens,1837,332.0,1444.0,1407.0,2108.0,1229.0,66,171,227,349,454,420,541,445,737,4319,6530
17,17,17,Attwood,1857,151.0,791.0,772.0,1217.0,478.0,43,110,154,159,278,228,326,218,314,2491,3419
18,18,18,Avondale Heights,1957,636.0,1701.0,2825.0,2890.0,3589.0,117,283,391,402,639,520,793,589,1069,6178,11633
19,19,19,Bacchus Marsh,2047,363.0,1155.0,1416.0,1607.0,1851.0,48,266,265,303,418,241,366,301,460,5076,6394
20,20,20,Balaclava,2197,319.0,593.0,2535.0,1262.0,690.0,55,65,154,316,257,259,380,501,1166,3140,5396
21,21,21,Balwyn,2557,536.0,2734.0,2981.0,3729.0,3326.0,121,95,221,473,373,609,794,1083,2156,7361,13312
22,22,22,Balwyn North,2597,820.0,4831.0,4079.0,6188.0,4488.0,182,157,397,744,637,1051,1212,1680,3270,11784,20406
23,23,23,Bayswater,3337,793.0,1784.0,3616.0,2895.0,2680.0,86,373,552,670,971,525,813,525,1076,7389,11758
24,24,24,Bayswater North,3387,645.0,1435.0,2677.0,2304.0,1724.0,60,310,442,482,799,434,687,417,824,6299,8789
25,25,25,Beaconsfield,3417,365.0,1654.0,1425.0,2217.0,1046.0,68,164,317,336,583,441,599,492,606,5280,6714
26,26,26,Beaconsfield Upper,3457,151.0,683.0,535.0,903.0,592.0,24,63,97,125,268,136,224,269,283,2305,2861
27,27,27,Beaumaris,3547,541.0,2884.0,2019.0,4235.0,3651.0,88,80,207,532,463,705,873,1423,1973,9655,13349
28,28,28,Bellfield,3787,141.0,253.0,635.0,436.0,323.0,12,49,75,109,99,69,102,85,196,1104,1793
29,29,29,Bentleigh,4117,1008.0,3247.0,3860.0,4907.0,3142.0,88,184,351,697,743,746,1132,1373,2580,9935,16153
30,30,30,Bentleigh East,4127,1867.0,5551.0,6397.0,8158.0,5675.0,210,395,731,1279,1484,1306,1993,2047,3772,17265,27635
31,31,31,Berwick,4297,3370.0,11033.0,11745.0,13493.0,8019.0,313,1247,1747,2308,3367,2524,3678,3171,4759,31139,47674
32,32,32,Black Rock,4627,270.0,1188.0,1000.0,1893.0,1808.0,50,29,77,242,219,277,394,661,948,4399,6159
33,33,33,Blackburn,4637,724.0,2583.0,3557.0,3867.0,3218.0,106,154,333,588,594,569,887,1074,2372,9224,13940
34,34,34,Blackburn North,4657,479.0,1576.0,1865.0,2039.0,1487.0,45,123,229,305,399,349,497,466,1006,4587,7436
35,35,35,Blackburn South,4667,621.0,2011.0,2418.0,2891.0,2847.0,53,124,285,434,500,428,651,690,1531,6775,10793
36,36,36,Bonbeach,5007,439.0,852.0,1859.0,1769.0,1497.0,48,147,224,309,493,285,519,397,766,4394,6416
37,37,37,Boronia,5327,1494.0,3390.0,6512.0,5646.0,5151.0,162,684,1072,1202,1925,1065,1634,1108,1988,15658,22195
38,38,38,Box Hill,5477,490.0,1528.0,5099.0,2411.0,1865.0,113,113,414,561,594,509,605,568,1462,4037,11395
39,39,39,Braybrook,5697,628.0,1619.0,3421.0,2132.0,1392.0,104,391,610,405,451,346,363,262,558,3319,9195
40,40,40,Briar Hill,5807,228.0,502.0,763.0,848.0,796.0,31,50,94,142,204,121,262,211,448,2514,3152
41,41,41,Brighton,5957,1082.0,4451.0,4382.0,6879.0,6460.0,217,89,258,787,531,989,1222,2615,4014,15827,23253
42,42,42,Brighton East,5997,800.0,3385.0,2683.0,4861.0,4258.0,104,112,206,590,475,714,939,1594,2521,10733,15998
43,43,43,Broadmeadows,6127,1028.0,2534.0,4015.0,2681.0,1706.0,95,467,588,510,515,287,318,168,336,5187,11970
44,44,44,Brookfield,6207,980.0,2076.0,2896.0,1971.0,1284.0,82,437,412,472,603,434,615,379,474,6018,9216
45,45,45,Brooklyn,6227,126.0,211.0,779.0,423.0,307.0,19,75,105,99,141,93,126,123,181,1020,1856
46,46,46,Brunswick,6377,1107.0,2248.0,12436.0,5298.0,3383.0,218,285,682,1509,1243,1055,1692,1926,5857,15011,24473
47,47,47,Brunswick East,6427,475.0,1078.0,6233.0,2350.0,1367.0,95,117,288,689,579,526,845,995,2902,7092,11504
48,48,48,Brunswick West,6447,774.0,1657.0,6145.0,3297.0,2271.0,135,222,446,795,786,597,1031,933,2696,8728,14159
49,49,49,Bulleen,6707,557.0,1699.0,2493.0,2976.0,3150.0,93,140,297,442,507,578,693,768,1318,5931,10873
50,50,50,Bullengarook,6717,31.0,140.0,112.0,210.0,145.0,3,19,25,23,61,27,38,55,72,521,645
51,51,51,Bundoora,6877,1449.0,4795.0,9986.0,6673.0,5778.0,231,677,1137,1502,1582,1550,1901,1382,2660,15575,28653
52,52,52,Burnley,7117,46.0,71.0,417.0,160.0,88.0,3,10,16,47,42,34,65,81,196,553,769
53,53,53,Burnside,7137,306.0,1015.0,1206.0,1308.0,911.0,51,275,296,240,257,202,283,148,286,2414,4751
54,54,54,Burnside Heights,48297,726.0,1494.0,2107.0,1371.0,374.0,41,294,302,292,369,253,414,262,507,3013,6072
55,55,55,Burwood,7237,653.0,2594.0,5862.0,3028.0,2894.0,107,159,454,699,509,703,796,872,1823,7028,15019
56,56,56,Burwood East,7327,490.0,1540.0,2985.0,2517.0,2743.0,80,147,401,452,479,492,636,547,1232,4925,10273
57,57,57,Cairnlea,7527,678.0,2283.0,2804.0,2829.0,1072.0,101,511,606,363,513,477,637,419,753,4369,9657
58,58,58,Camberwell,7677,1002.0,4419.0,5211.0,6005.0,5437.0,154,113,307,873,563,956,1327,2001,4171,14746,22081
59,59,59,Campbellfield,7717,328.0,1021.0,1397.0,1159.0,1155.0,47,189,237,196,275,141,142,83,130,2139,5056
60,60,60,Canterbury,7907,319.0,1729.0,1619.0,2245.0,2124.0,60,29,86,275,173,350,451,805,1476,5378,8056
61,61,61,Carlton,8217,435.0,3231.0,11435.0,1959.0,1476.0,86,120,348,836,420,550,705,713,2583,5063,18535
62,62,62,Carlton North,8247,280.0,570.0,3047.0,1363.0,1020.0,59,40,99,362,212,298,451,567,1840,4386,6300
63,63,63,Carnegie,8297,1055.0,2295.0,6939.0,4026.0,3070.0,152,195,438,789,840,825,1188,1230,3001,8702,17388
64,64,64,Caroline Springs,8327,2037.0,6217.0,7088.0,6690.0,2168.0,207,971,936,1129,1465,1177,1801,1433,2228,13621,24205
65,65,65,Carrum,8497,258.0,569.0,1111.0,1128.0,911.0,28,98,146,224,321,161,310,275,426,2830,3980
66,66,66,Carrum Downs,8507,1558.0,3879.0,6097.0,5620.0,3562.0,172,1063,1206,1174,1783,1137,1478,819,1136,14229,20711
67,67,67,Caulfield,8687,306.0,861.0,1536.0,1301.0,1604.0,48,50,92,230,205,232,360,432,944,2949,5595
68,68,68,Caulfield East,8707,59.0,262.0,754.0,304.0,207.0,13,8,45,65,74,77,88,93,215,678,1584
69,69,69,Caulfield North,8747,848.0,2409.0,4895.0,3439.0,3683.0,135,109,246,636,448,622,903,1426,3102,8913,15269
70,70,70,Caulfield South,8787,696.0,2096.0,2988.0,3288.0,2784.0,89,88,215,545,422,564,752,1114,2183,6889,11854
71,71,71,Chadstone,8847,564.0,1170.0,3485.0,1945.0,1489.0,69,159,277,378,490,426,596,554,1199,3987,8641
72,72,72,Chelsea,8927,558.0,1042.0,2104.0,2045.0,2024.0,59,149,257,394,528,324,573,504,887,5267,7773
73,73,73,Chelsea Heights,8937,362.0,1014.0,1298.0,1499.0,1166.0,30,172,219,289,431,294,411,285,485,3748,5335
74,74,74,Cheltenham,8967,1395.0,3754.0,5694.0,6064.0,5388.0,145,345,597,1056,1391,1197,1619,1612,2945,14849,22291
75,75,75,Chirnside Park,9137,580.0,1845.0,2534.0,2647.0,2259.0,56,203,433,572,915,581,810,636,827,7410,9872
76,76,76,Clarinda,9257,350.0,1108.0,2012.0,1939.0,2069.0,62,272,398,315,478,389,504,304,618,3281,7481
77,77,77,Clayton,9327,848.0,3057.0,10928.0,2277.0,2246.0,120,355,674,787,753,676,820,510,1918,4962,19358
78,78,78,Clayton South,9367,847.0,1785.0,4958.0,2597.0,2454.0,103,484,817,556,796,522,653,426,1047,3911,12642
79,79,79,Clifton Hill,9437,405.0,840.0,2304.0,1733.0,1041.0,81,39,101,249,239,195,391,609,1744,4532,6341
80,80,80,Coburg,9707,1653.0,3685.0,9529.0,6743.0,4578.0,213,504,861,1285,1431,1143,1739,1698,4403,16257,26185
81,81,81,Coburg North,9727,579.0,1075.0,2483.0,1969.0,1487.0,62,149,288,334,399,313,475,421,1042,4377,7601
82,82,82,Collingwood,9987,431.0,813.0,4585.0,1833.0,838.0,85,73,188,455,375,320,479,749,1990,4409,8513
83,83,83,Coolaroo,10107,232.0,616.0,858.0,745.0,745.0,31,132,139,114,131,80,93,39,62,1625,3191
84,84,84,Craigieburn,10597,5255.0,11218.0,18121.0,11367.0,4375.0,407,2789,2585,2676,3232,2141,3138,1906,2976,26682,50347
85,85,85,Cranbourne,10627,1540.0,4032.0,5916.0,5188.0,3401.0,162,1071,1225,1052,1578,889,1159,708,815,12504,20094
86,86,86,Cranbourne North,10657,2043.0,4553.0,6671.0,4864.0,1985.0,143,1019,1091,1089,1472,993,1348,877,1297,11204,20110
87,87,87,Cremorne,10737,96.0,142.0,1174.0,454.0,154.0,27,13,29,92,99,94,155,304,565,1367,2018
88,88,88,Croydon,10867,1861.0,4379.0,7583.0,6587.0,6525.0,204,591,1054,1400,1987,1255,1909,1400,2877,19136,26946
89,89,89,Croydon Hills,10877,258.0,1139.0,1129.0,1595.0,867.0,29,81,189,286,398,343,483,395,621,4052,4992
90,90,90,Croydon North,10887,511.0,1505.0,1940.0,2249.0,1666.0,56,147,255,450,596,495,655,566,920,6113,7860
91,91,91,Croydon South,10897,348.0,806.0,1270.0,1184.0,957.0,38,110,184,238,401,217,325,255,496,3489,4572
92,92,92,Dallas,11087,597.0,1560.0,2036.0,1551.0,1049.0,48,263,260,271,248,151,143,113,155,2942,6810
93,93,93,Dandenong,11157,2421.0,4976.0,11494.0,6401.0,4619.0,305,1422,2049,1135,2114,867,918,651,1140,8378,29906
94,94,94,Dandenong North,11187,1401.0,3978.0,6425.0,5592.0,5063.0,165,936,1191,963,1586,906,1200,696,1248,9499,22451
95,95,95,Deepdene,11487,66.0,371.0,421.0,516.0,662.0,14,5,24,68,49,85,114,174,368,1326,2035
96,96,96,Deer Park,11507,1529.0,3291.0,6000.0,4192.0,3123.0,199,1056,1075,864,956,605,966,526,899,7737,18126
97,97,97,Delahey,11547,465.0,1592.0,2427.0,2436.0,1408.0,80,518,585,367,471,404,512,248,392,3930,8339
98,98,98,Derrimut,161087,,,,,,,,,,,,,,,,
99,99,99,Diamond Creek,11867,696.0,2597.0,2849.0,3736.0,1871.0,88,200,393,731,1053,678,1055,882,1450,9662,11733
100,100,100,Diggers Rest,11897,173.0,435.0,874.0,749.0,525.0,34,124,128,156,228,133,250,161,203,2028,2763
101,101,101,Dingley Village,11977,496.0,1967.0,2143.0,2965.0,2741.0,72,250,367,423,767,664,862,697,1050,7294,10320
102,102,102,Docklands,12117,557.0,673.0,6677.0,2135.0,920.0,119,74,215,436,372,467,684,1141,2388,2976,10964
103,103,103,Doncaster,12177,944.0,3086.0,5880.0,5151.0,5887.0,187,251,580,840,944,1039,1237,1380,2597,9339,20946
104,104,104,Doncaster East,12227,1480.0,5123.0,6914.0,7513.0,7322.0,205,357,737,1177,1314,1416,1882,1860,3630,13692,28360
105,105,105,Donvale,12247,627.0,2294.0,2579.0,3424.0,3416.0,87,143,295,484,548,647,854,982,1676,7819,12347
106,106,106,Doreen,12307,2435.0,4955.0,6773.0,5023.0,2111.0,181,573,790,1251,1848,1102,1676,1311,1851,17248,21298
107,107,107,Doveton,12367,682.0,1714.0,3105.0,2122.0,1757.0,75,454,654,358,665,246,270,155,226,3553,9358
108,108,108,Eaglemont,13037,154.0,766.0,801.0,1151.0,995.0,24,14,67,123,133,194,305,348,768,2838,3873
109,109,109,East Melbourne,13127,152.0,241.0,2189.0,1149.0,1232.0,46,21,61,217,113,161,353,596,1461,3112,4964
110,110,110,Edithvale,13457,409.0,957.0,1539.0,1686.0,1227.0,47,114,164,285,417,270,440,432,719,4274,5806
111,111,111,Elsternwick,13627,631.0,1841.0,3062.0,2799.0,2020.0,89,68,183,424,372,460,684,997,2110,6735,10349
112,112,112,Eltham,13677,975.0,3845.0,3708.0,5769.0,4019.0,102,198,441,953,1157,856,1429,1571,2873,14431,18314
113,113,113,Eltham North,13687,404.0,1510.0,1449.0,2197.0,1240.0,37,110,204,392,464,361,569,582,1028,5518,6805
114,114,114,Elwood,13717,842.0,1777.0,6504.0,4581.0,1858.0,151,115,262,863,746,754,1089,1769,3723,10093,15543
115,115,115,Emerald,13747,339.0,1180.0,1112.0,1840.0,1310.0,29,159,248,307,583,220,385,373,562,4477,5778
116,116,116,Endeavour Hills,13797,1504.0,4479.0,6732.0,6648.0,4940.0,210,961,1195,1111,1763,1139,1587,1070,1960,11366,24294
117,117,117,Epping,13867,2825.0,6208.0,10825.0,7975.0,4567.0,280,1589,1762,1728,2063,1647,2077,1174,2052,17591,32395
118,118,118,Essendon,13957,1002.0,3543.0,6398.0,5679.0,3968.0,191,300,584,1016,981,1053,1708,1713,3453,14438,20596
119,119,119,Essendon North,13977,137.0,439.0,1069.0,777.0,569.0,34,57,87,161,184,175,239,199,426,1857,2987
120,120,120,Essendon West,13997,70.0,310.0,345.0,406.0,317.0,5,23,34,73,71,81,105,123,195,1112,1439
121,121,121,Fairfield,14197,359.0,934.0,2416.0,1787.0,1058.0,66,93,169,339,301,262,432,533,1343,4470,6558
122,122,122,Fawkner,14297,1157.0,2631.0,4316.0,2927.0,3005.0,116,464,602,603,742,472,566,422,944,6335,14043
123,123,123,Ferntree Gully,14407,1666.0,4624.0,7168.0,7175.0,5789.0,233,845,1169,1430,2257,1352,2072,1392,2523,19081,26428
124,124,124,Fitzroy,14527,546.0,952.0,5015.0,2474.0,1466.0,104,83,202,526,324,374,496,898,2411,5555,10445
125,125,125,Fitzroy North,14567,522.0,1460.0,5054.0,3084.0,2219.0,111,84,160,656,488,430,766,1156,3194,8302,12339
126,126,126,Flemington,14617,510.0,1243.0,3070.0,1784.0,1106.0,53,119,231,384,210,265,418,406,1233,4044,7719
127,127,127,Footscray,14717,925.0,1549.0,8378.0,3332.0,2166.0,162,410,835,967,827,772,985,890,2387,7144,16345
128,128,128,Forest Hill,14827,608.0,1784.0,2776.0,2789.0,2658.0,70,173,343,452,537,526,688,625,1365,6006,10626
129,129,129,Frankston,14947,2294.0,5712.0,10385.0,9258.0,8456.0,292,1077,1659,2083,2655,1749,1954,1451,2725,24841,36097
130,130,130,Frankston North,15007,387.0,961.0,1537.0,1487.0,1389.0,31,233,362,239,334,175,179,117,154,3862,5762
131,131,131,Frankston South,15027,1031.0,3514.0,3578.0,5205.0,4871.0,112,300,557,921,1261,1047,1174,1318,2079,13356,18199
132,132,132,Gardenvale,15237,59.0,134.0,366.0,251.0,196.0,9,17,29,53,55,51,75,91,198,619,1006
133,133,133,Gisborne,15737,697.0,1939.0,1961.0,2569.0,1834.0,51,195,283,473,686,385,647,591,1036,7297,8999
134,134,134,Gladstone Park,15787,483.0,1334.0,2067.0,2025.0,2434.0,69,325,369,384,507,377,635,319,487,5028,8338
135,135,135,Glen Huntly,15877,309.0,537.0,2446.0,1005.0,746.0,47,68,170,264,266,222,334,333,947,1920,5040
136,136,136,Glen Iris,15907,1325.0,5110.0,6972.0,7014.0,4852.0,200,149,427,995,789,1126,1731,2556,5155,17518,25268
137,137,137,Glen Waverley,15957,1738.0,8078.0,9965.0,10857.0,9695.0,323,506,1132,1494,1593,1779,2401,2525,5565,16488,40327
138,138,138,Glenroy,16477,1642.0,3357.0,8180.0,4723.0,4344.0,175,736,1161,1058,1482,819,1233,813,1806,10945,22245
139,139,139,Gowanbrae,16877,221.0,558.0,722.0,762.0,502.0,13,74,84,124,161,136,237,200,320,1979,2773
140,140,140,Greensborough,17297,1341.0,3795.0,5324.0,5676.0,4700.0,137,342,615,1128,1481,995,1669,1337,2824,15788,20821
141,141,141,Greenvale,17317,983.0,3306.0,4374.0,4595.0,2218.0,178,524,637,645,1160,976,1329,1091,1318,10051,15466
142,142,142,Hadfield,17537,379.0,937.0,1585.0,1310.0,1375.0,41,192,205,220,384,192,317,214,408,3316,5610
143,143,143,Hallam,17567,758.0,2081.0,3182.0,2729.0,2096.0,95,522,643,534,715,439,609,347,597,4587,10852
144,144,144,Hampton,17737,707.0,3020.0,2460.0,4380.0,2825.0,79,69,181,596,402,573,786,1541,2148,9105,13391
145,145,145,Hampton East,17757,335.0,786.0,1203.0,1386.0,983.0,23,72,107,233,207,230,306,382,666,3020,4689
146,146,146,Hampton Park,17807,2014.0,5675.0,7814.0,6724.0,3301.0,243,1565,1808,1300,1834,922,1357,605,974,10637,25530
147,147,147,Hawthorn,18087,1023.0,3450.0,10593.0,4892.0,3551.0,196,146,516,1179,740,1121,1593,2117,5302,14239,23511
148,148,148,Hawthorn East,18117,776.0,2282.0,5413.0,3312.0,2547.0,115,100,237,638,445,651,941,1360,3157,9100,14321
149,149,149,Healesville,18247,444.0,1341.0,1474.0,2140.0,2060.0,76,206,396,408,593,250,355,455,546,5776,7461
150,150,150,Heathmont,18347,695.0,1816.0,2363.0,2693.0,2118.0,50,163,296,500,618,458,676,692,1376,7292,9688
151,151,151,Heidelberg,18387,464.0,939.0,1983.0,1536.0,1306.0,40,67,141,247,273,251,395,478,1218,4161,6225
152,152,152,Heidelberg Heights,18397,419.0,861.0,2106.0,1555.0,1122.0,60,128,232,321,382,229,374,300,920,3859,6087
153,153,153,Heidelberg West,18427,421.0,1017.0,1760.0,1314.0,1036.0,44,164,250,271,269,142,208,114,362,2986,5545
154,154,154,Highett,18717,787.0,1814.0,2679.0,3106.0,2072.0,61,144,252,493,553,514,760,890,1524,6911,10454
155,155,155,Hillside,18837,1132.0,4280.0,4688.0,5158.0,1799.0,127,715,793,850,1347,1051,1431,910,1294,11294,17056
156,156,156,Hoppers Crossing,19067,2594.0,7715.0,11089.0,10678.0,6617.0,344,2125,1998,2034,2563,1930,2723,1420,2438,22778,38701
157,157,157,Hughesdale,19257,474.0,1256.0,2515.0,1993.0,1318.0,55,104,213,367,393,386,530,522,1231,4141,7556
158,158,158,Huntingdale,19317,123.0,319.0,671.0,455.0,286.0,10,34,79,82,124,83,134,95,242,1015,1862
159,159,159,Hurstbridge,19387,193.0,772.0,752.0,1069.0,658.0,17,80,133,229,342,135,218,219,453,2888,3450
160,160,160,Ivanhoe,19767,631.0,2086.0,3350.0,3468.0,2630.0,87,105,243,545,496,499,851,1028,2487,8402,12171
161,161,161,Ivanhoe East,19787,192.0,805.0,742.0,1141.0,938.0,22,21,61,120,115,189,262,383,746,2885,3815
162,162,162,Jacana,19797,134.0,305.0,720.0,511.0,449.0,14,115,109,109,143,61,74,52,92,1003,2128
163,163,163,Kealba,20817,208.0,549.0,995.0,815.0,634.0,25,132,177,163,212,157,215,138,260,1855,3194
164,164,164,Keilor,20857,240.0,1177.0,1185.0,1660.0,1611.0,56,123,178,230,354,329,480,471,638,4308,5853
165,165,165,Keilor Downs,20887,534.0,1683.0,2642.0,2669.0,2453.0,75,443,468,424,668,470,707,405,711,5372,9995
166,166,166,Keilor East,20897,831.0,2449.0,3331.0,3814.0,4084.0,122,371,425,598,853,686,1098,847,1493,9520,14514
167,167,167,Keilor Lodge,20917,79.0,331.0,431.0,559.0,342.0,13,49,49,108,136,117,144,136,179,1160,1752
168,168,168,Keilor Park,20957,193.0,385.0,649.0,633.0,865.0,13,74,99,111,187,134,205,122,167,1688,2719
169,169,169,Kensington,21037,741.0,1166.0,5108.0,2496.0,1310.0,88,114,239,556,405,423,807,948,2714,6590,10812
170,170,170,Kew,21137,1065.0,4575.0,6764.0,6642.0,5547.0,211,135,358,968,678,1053,1481,2369,4941,15941,24605
171,171,171,Kew East,21167,376.0,1429.0,1455.0,2001.0,1380.0,40,48,113,283,197,304,410,622,1209,4495,6635
172,172,172,Keysborough,21197,1750.0,5095.0,7672.0,6617.0,4667.0,232,1204,1613,1012,1479,1211,1664,1313,2032,11198,25785
173,173,173,Kilsyth,21497,743.0,1771.0,3019.0,2580.0,2761.0,64,334,493,614,994,482,804,545,830,8228,10891
174,174,174,Kings Park,21657,525.0,1559.0,2289.0,2048.0,1767.0,89,453,560,335,409,278,330,134,251,3225,8198
175,175,175,Kingsbury,21677,186.0,493.0,1708.0,684.0,697.0,26,101,275,195,184,178,186,118,277,1528,3780
176,176,176,Kingsville,21717,377.0,548.0,1431.0,1052.0,523.0,30,72,134,188,174,136,282,335,693,2546,3946
177,177,177,Knoxfield,21867,457.0,1355.0,1937.0,1928.0,1788.0,51,198,292,364,544,389,552,417,748,4751,7462
178,178,178,Kooyong,22117,20.0,160.0,182.0,211.0,244.0,3,3,12,32,14,32,55,73,185,574,817
179,179,179,Kurunjang,22327,820.0,2255.0,2957.0,2617.0,1412.0,98,562,474,556,763,479,651,374,430,7234,10070
180,180,180,Lalor,22937,1582.0,3879.0,6738.0,5218.0,5164.0,189,958,1283,849,1359,878,1043,620,1013,10091,22594
181,181,181,Langwarrin,23137,1490.0,4487.0,6046.0,6570.0,4002.0,172,687,1097,1399,2362,1377,1870,1377,1675,17773,22588
182,182,182,Lower Plenty,24457,214.0,625.0,902.0,1055.0,1082.0,28,37,82,161,222,164,309,340,535,3091,3891
183,183,183,Maidstone,24877,597.0,1273.0,3895.0,2008.0,1255.0,87,283,412,515,458,390,600,497,1078,4148,9032
184,184,184,Malvern,25047,518.0,1789.0,2606.0,2570.0,2573.0,67,49,116,345,236,459,571,1036,1993,7148,10066
185,185,185,Malvern East,25077,1089.0,4075.0,6639.0,5741.0,4160.0,172,158,403,855,677,971,1339,1879,3985,14161,21707
186,186,186,Maribyrnong,25307,691.0,1767.0,5063.0,3166.0,1530.0,118,279,493,718,639,722,945,983,1770,6105,12216
187,187,187,McKinnon,25657,299.0,1506.0,1232.0,1952.0,1071.0,51,50,143,257,229,261,369,546,971,3682,6064
188,188,188,Meadow Heights,25717,1104.0,3582.0,4370.0,3864.0,1922.0,110,618,625,600,646,480,500,273,456,6990,14842
189,189,189,Melbourne,25807,1016.0,4576.0,32487.0,5724.0,3476.0,390,252,1560,2773,1890,1811,2282,2955,7488,10142,47285
190,190,190,Melton,25957,564.0,1359.0,2181.0,1932.0,2052.0,54,424,398,364,451,281,421,196,259,5409,8069
191,191,191,Melton South,25997,925.0,2103.0,3481.0,2722.0,2300.0,93,626,538,558,676,391,637,315,427,7617,11517
192,192,192,Melton West,26007,1645.0,3997.0,5424.0,4186.0,2337.0,163,961,808,983,1196,833,1163,659,879,12225,17589
193,193,193,Mentone,26087,690.0,2097.0,3396.0,3692.0,3094.0,107,184,317,636,764,658,985,1081,1882,8698,12965
194,194,194,Mernda,26237,2091.0,3148.0,6238.0,3524.0,1456.0,126,619,679,971,1211,795,1224,861,1407,10818,16458
195,195,195,Middle Park,26507,232.0,668.0,987.0,1249.0,1001.0,28,22,47,114,89,131,258,511,862,2943,4143
196,196,196,Mill Park,26637,1661.0,5437.0,8493.0,8774.0,5333.0,239,1153,1437,1615,2223,1735,2285,1400,2507,17911,29710
197,197,197,Mitcham,26977,1114.0,2697.0,4715.0,4345.0,3283.0,106,256,503,808,888,718,1180,1060,2682,10380,16148
198,198,198,Monbulk,27267,206.0,757.0,722.0,1031.0,867.0,30,98,178,203,339,148,203,261,274,2746,3577
199,199,199,Mont Albert,27307,223.0,958.0,1200.0,1380.0,1086.0,27,44,81,214,142,188,313,447,986,3196,4840
200,200,200,Montmorency,27387,638.0,1584.0,2190.0,2497.0,2047.0,63,108,214,515,658,355,712,641,1328,7279,8960
201,201,201,Montrose,27397,415.0,1263.0,1593.0,1820.0,1671.0,62,149,300,346,655,308,499,396,642,5312,6761
202,202,202,Moonee Ponds,27497,797.0,2173.0,4636.0,3828.0,2834.0,105,182,335,675,683,672,1119,1321,2505,9725,14250
203,203,203,Moorabbin,27577,403.0,924.0,1672.0,1584.0,1318.0,55,90,166,277,371,272,446,408,732,3525,5895
204,204,204,Mooroolbark,27707,1536.0,4256.0,6316.0,5611.0,4231.0,164,597,1033,1304,2053,1154,1646,1267,1910,16520,21967
205,205,205,Mordialloc,27817,516.0,1476.0,2192.0,2414.0,1566.0,57,131,197,422,505,389,599,676,1213,5560,8166
206,206,206,Mount Evelyn,28237,639.0,2059.0,2503.0,2769.0,1731.0,92,305,447,605,997,466,679,604,826,7951,9702
207,207,207,Mount Waverley,28457,1612.0,6318.0,8400.0,9181.0,8114.0,267,433,921,1250,1441,1481,2154,2263,4992,17372,33611
208,208,208,Mulgrave,29167,1198.0,3152.0,5508.0,4833.0,4683.0,151,470,698,713,1086,935,1412,1155,2187,9680,19368
209,209,209,Murrumbeena,29437,589.0,1542.0,3449.0,2642.0,1714.0,78,143,290,449,502,505,706,816,1760,5966,9926
210,210,210,Narre Warren,30017,1831.0,5452.0,7797.0,7407.0,4133.0,236,1242,1503,1318,2167,1439,1882,1109,1714,15516,26621
211,211,211,New Gisborne,30407,175.0,569.0,484.0,697.0,470.0,8,58,57,141,156,90,170,201,238,1984,2387
212,212,212,Newport,30557,1079.0,2310.0,3670.0,3983.0,1874.0,112,239,315,559,676,504,935,1274,2206,9366,12916
213,213,213,Niddrie,30687,342.0,1023.0,1418.0,1619.0,1071.0,69,106,174,272,352,276,491,430,684,4141,5479
214,214,214,Noble Park,30827,2258.0,4757.0,11010.0,6996.0,5970.0,335,1558,2315,1562,1805,1084,1435,819,1621,10747,30998
215,215,215,North Melbourne,31037,589.0,2069.0,8171.0,2613.0,1498.0,111,132,339,772,439,575,766,841,2875,6210,14940
216,216,216,North Warrandyte,31077,195.0,674.0,561.0,1025.0,488.0,21,29,61,160,195,115,189,270,487,2334,2956
217,217,217,Northcote,31107,1376.0,3656.0,8698.0,6833.0,3993.0,207,229,479,1242,1049,961,1545,2099,5677,16878,24561
218,218,218,Notting Hill,31177,147.0,389.0,1704.0,483.0,325.0,9,54,94,114,121,125,165,123,477,964,3050
219,219,219,Nunawading,31307,788.0,2007.0,3500.0,3012.0,2568.0,81,207,396,546,644,493,802,724,1703,7063,11876
220,220,220,Oak Park,31507,425.0,1025.0,2115.0,1568.0,1076.0,40,126,247,308,389,291,501,402,806,3899,6205
221,221,221,Oakleigh,31547,420.0,1338.0,2465.0,2164.0,1520.0,54,121,277,331,427,387,544,510,1129,4403,7893
222,222,222,Oakleigh East,31567,401.0,909.0,2461.0,1464.0,1209.0,51,150,238,283,354,324,426,337,821,2941,6444
223,223,223,Oakleigh South,31597,514.0,1506.0,2578.0,2514.0,2150.0,76,223,385,433,611,466,666,521,1030,4870,9261
224,224,224,Officer,31647,720.0,1420.0,2687.0,1641.0,659.0,42,243,293,419,661,435,638,472,711,4976,7133
225,225,225,Ormond,31767,445.0,1630.0,2657.0,2376.0,1312.0,64,117,251,422,385,404,577,643,1488,4805,8417
226,226,226,Pakenham,31947,4708.0,9742.0,14897.0,10196.0,6880.0,326,1974,2520,2380,3598,2338,2924,1950,2739,33071,46421
227,227,227,Parkdale,32107,224.0,1408.0,3838.0,801.0,1126.0,54,40,258,492,162,283,387,353,1467,3719,7409
228,228,228,Parkville,32107,224.0,1408.0,3838.0,801.0,1126.0,54,40,258,492,162,283,387,353,1467,3719,7409
229,229,229,Pascoe Vale,32147,1202.0,2619.0,5860.0,4228.0,3145.0,139,358,565,797,1056,736,1317,1036,2241,10619,17051
230,230,230,Plumpton,32897,456.0,805.0,2007.0,759.0,301.0,59,188,158,222,328,220,388,240,445,2258,4324
231,231,231,Point Cook,32927,5584.0,11177.0,17084.0,12404.0,3671.0,420,1386,1509,2203,2615,2284,3611,3663,6064,24131,49929
232,232,232,Port Melbourne,33267,967.0,1702.0,5349.0,4979.0,3193.0,134,152,270,571,593,707,1118,2214,3183,10210,16175
233,233,233,Prahran,33397,505.0,965.0,6813.0,2742.0,1946.0,127,90,206,709,533,663,908,1496,3170,7458,12982
234,234,234,Preston,33507,1987.0,4745.0,11724.0,8785.0,5615.0,252,638,1237,1729,1785,1482,2059,1845,4695,19004,32851
235,235,235,Princes Hill,33537,105.0,257.0,809.0,467.0,480.0,19,24,23,98,48,79,128,167,533,1419,2126
236,236,236,Reservoir,34167,3393.0,7019.0,16846.0,12069.0,11138.0,414,1376,2416,2342,3097,2062,3049,2064,4589,27136,50474
237,237,237,Richmond,34297,1173.0,2438.0,13885.0,6249.0,3979.0,262,274,668,1424,1237,1407,1986,2979,6647,16606,27705
238,238,238,Riddells Creek,34347,207.0,871.0,778.0,1287.0,806.0,25,91,136,271,383,173,322,259,408,3292,3947
239,239,239,Ringwood,34397,1195.0,2816.0,5389.0,4244.0,3821.0,127,345,670,930,1159,787,1270,951,2039,10965,17471
240,240,240,Ringwood East,34437,697.0,1763.0,2805.0,2799.0,2208.0,64,203,374,504,706,474,694,614,1352,7058,10265
241,241,241,Ringwood North,34477,549.0,2001.0,2116.0,2884.0,2279.0,69,104,269,491,621,555,752,784,1333,7384,9832
242,242,242,Ripponlea,34527,121.0,258.0,647.0,361.0,171.0,10,15,35,88,96,73,88,118,329,941,1576
243,243,243,Rockbank,34697,81.0,269.0,421.0,441.0,323.0,23,110,75,70,89,72,78,43,32,916,1536
244,244,244,Rosanna,34817,583.0,1459.0,2020.0,2235.0,2198.0,70,96,200,348,364,335,570,536,1394,5984,8498
245,245,245,Rowville,35057,1865.0,7010.0,8491.0,10494.0,5796.0,252,922,1303,1634,2541,2188,2980,2336,3790,21599,33672
246,246,246,Roxburgh Park,35077,1702.0,6060.0,6121.0,5888.0,2044.0,170,926,968,958,1063,818,909,596,1029,10006,21817
247,247,247,Sandhurst,35597,424.0,973.0,1325.0,1485.0,784.0,49,83,122,225,314,329,454,553,612,3227,4981
248,248,248,Sandringham,35637,492.0,1923.0,1960.0,3122.0,2737.0,73,69,171,442,346,435,606,1137,1701,7167,10241
249,249,249,Scoresby,35767,324.0,1233.0,1593.0,1758.0,1116.0,54,200,250,334,415,364,423,335,615,3604,6022
250,250,250,Seabrook,35847,380.0,1058.0,1445.0,1548.0,683.0,51,237,221,247,358,221,359,237,485,3051,5124
251,251,251,Seaford,35867,1082.0,2373.0,4552.0,4612.0,3838.0,134,537,710,898,1370,737,1056,822,1370,11695,16463
252,252,252,Seaholme,35887,117.0,296.0,424.0,593.0,499.0,13,50,51,92,128,92,159,127,219,1327,1928
253,253,253,Seddon,35997,417.0,614.0,2073.0,1418.0,600.0,46,80,162,250,243,222,344,461,1092,3318,5123
254,254,254,Silvan,36387,79.0,251.0,254.0,371.0,297.0,14,35,62,60,115,46,83,129,81,946,1246
255,255,255,Skye,36517,683.0,1859.0,2299.0,2375.0,884.0,69,371,493,515,706,440,631,396,528,5946,8096
256,256,256,South Kingsville,36757,160.0,284.0,675.0,558.0,272.0,15,51,77,93,128,69,163,175,312,1319,1947
257,257,257,South Melbourne,36797,566.0,1034.0,4421.0,2893.0,2014.0,88,55,159,442,364,407,732,1197,2331,6046,10920
258,258,258,South Morang,36827,1879.0,5522.0,7112.0,6460.0,3086.0,193,869,1008,1319,1702,1415,1909,1287,2116,15841,24060
259,259,259,South Yarra,36877,812.0,1925.0,13859.0,4831.0,3711.0,244,133,369,1130,854,1302,1780,2798,6495,12846,25147
260,260,260,Southbank,36897,579.0,1129.0,12509.0,3024.0,1465.0,212,116,424,1099,800,835,1287,1894,4101,5517,18709
261,261,261,Spotswood,36987,210.0,367.0,873.0,730.0,425.0,20,58,62,111,176,106,196,262,428,1833,2604
262,262,262,Springvale,37117,1371.0,3433.0,7597.0,4938.0,4355.0,223,1057,1644,900,1190,782,690,510,1080,6130,21714
263,263,263,Springvale South,37157,823.0,2373.0,3931.0,3255.0,2385.0,135,744,1073,537,679,529,537,370,574,4645,12768
264,264,264,St Albans,37177,2420.0,6174.0,12199.0,8625.0,7904.0,385,1868,2706,1541,1966,1167,1342,717,1367,12170,37309
265,265,265,St Helena,37357,164.0,537.0,673.0,856.0,691.0,21,37,91,146,222,177,283,223,360,2385,2923
266,266,266,St Kilda,37407,625.0,1178.0,10664.0,5205.0,2546.0,211,203,500,1252,1161,998,1526,1970,4301,10366,20230
267,267,267,Strathmore,38037,414.0,1849.0,1849.0,2547.0,1759.0,55,109,202,387,439,427,703,742,1263,6602,8419
268,268,268,Strathmore Heights,38047,60.0,193.0,237.0,249.0,275.0,11,15,34,54,68,56,86,56,80,775,1004
269,269,269,Sunbury,38197,2439.0,7211.0,9372.0,10191.0,6871.0,250,1333,1445,2210,2946,1955,2953,1945,2843,28535,36084
270,270,270,Sunshine,38277,724.0,1398.0,3767.0,2258.0,1637.0,89,391,665,448,568,346,531,335,749,4076,9768
271,271,271,Sunshine North,38287,794.0,2047.0,3609.0,2892.0,2354.0,170,554,809,503,615,418,478,290,581,4394,11700
272,272,272,Sunshine West,38297,1202.0,3146.0,5808.0,4381.0,4052.0,205,966,1151,744,892,667,906,470,964,7442,18580
273,273,273,Surrey Hills,38357,689.0,2843.0,3155.0,4018.0,2901.0,89,70,198,538,412,569,914,1332,2719,9635,13605
274,274,274,Sydenham,38547,681.0,2156.0,3468.0,2940.0,1600.0,99,519,572,562,694,573,799,469,777,5470,10838
275,275,275,Tarneit,39087,4208.0,7993.0,13388.0,6765.0,2202.0,293,2086,1438,1950,1780,1387,2378,1423,2733,15398,34562
276,276,276,Taylors Hill,39447,1340.0,4032.0,4359.0,3830.0,1361.0,143,645,668,615,916,732,1141,828,1144,9164,14921
277,277,277,Taylors Lakes,39487,604.0,3120.0,3734.0,5224.0,2823.0,137,570,694,710,1128,1026,1420,1041,1394,9852,15519
278,278,278,Templestowe,39607,697.0,2944.0,3589.0,4599.0,4815.0,119,168,355,599,704,871,1126,1467,2192,9385,16618
279,279,279,Templestowe Lower,39637,728.0,2270.0,2854.0,3577.0,4003.0,99,145,344,504,608,652,799,981,1754,7825,13429
280,280,280,The Basin,39797,296.0,852.0,1073.0,1293.0,903.0,35,116,181,232,442,200,353,270,405,3448,4416
281,281,281,Thomastown,39897,1233.0,3167.0,6108.0,4707.0,5297.0,176,971,1244,827,1131,759,889,512,869,8404,20523
282,282,282,Thornbury,39937,1131.0,2502.0,6888.0,4947.0,3080.0,129,268,556,1010,958,764,1213,1368,3611,12090,18568
283,283,283,Toorak,40457,395.0,1661.0,3687.0,3108.0,4062.0,179,38,162,429,321,619,799,1415,2531,8229,12909
284,284,284,Travancore,40727,115.0,199.0,1556.0,372.0,242.0,26,33,78,127,81,115,184,164,530,961,2480
285,285,285,Truganina,40897,2767.0,3888.0,9631.0,3363.0,1050.0,181,1215,831,1091,986,715,1246,824,1749,8148,20687
286,286,286,Tullamarine,40947,401.0,851.0,2139.0,1646.0,1567.0,71,312,347,364,464,296,494,273,439,3869,6605
287,287,287,Upwey,41407,400.0,1313.0,1615.0,2165.0,1156.0,47,167,266,417,569,306,498,420,921,5269,6652
288,288,288,Vermont,41507,632.0,2169.0,2396.0,2847.0,2396.0,86,159,336,454,527,467,734,666,1463,6670,10442
289,289,289,Vermont South,41517,475.0,2169.0,2434.0,3027.0,3578.0,66,163,345,488,535,600,809,740,1534,6352,11678
290,290,290,Viewbank,41617,384.0,1429.0,1320.0,1981.0,1801.0,28,79,162,298,332,277,490,438,1035,4716,6923
291,291,291,Wallan,41947,930.0,2469.0,3189.0,3003.0,1482.0,92,567,504,561,970,534,821,514,624,8482,11074
292,292,292,Wantirna,42327,718.0,2389.0,3441.0,3624.0,3619.0,94,302,484,647,868,744,1064,849,1611,8317,13818
293,293,293,Wantirna South,42337,922.0,3301.0,4960.0,5161.0,4933.0,165,401,632,864,1059,1034,1472,1273,2484,10338,19271
294,294,294,Warrandyte,42597,203.0,1315.0,984.0,1809.0,1178.0,44,55,130,288,334,260,359,572,809,4202,5502
295,295,295,Waterways,42857,174.0,610.0,566.0,823.0,282.0,22,57,70,100,102,132,201,234,348,1266,2461
296,296,296,Watsonia,42887,356.0,879.0,1466.0,1407.0,1113.0,38,114,175,254,371,234,381,291,610,3936,5214
297,297,297,Watsonia North,42897,243.0,672.0,972.0,988.0,948.0,19,86,160,225,263,189,292,212,446,2859,3814
298,298,298,Werribee,43317,2774.0,7398.0,11834.0,10739.0,7603.0,318,2090,2036,2021,2677,1801,2688,1627,2497,25234,40345
299,299,299,West Footscray,43407,889.0,1485.0,4682.0,2866.0,1529.0,111,342,611,606,607,511,729,720,1613,6250,11450
300,300,300,West Melbourne,43457,182.0,400.0,3584.0,994.0,338.0,59,53,162,307,269,221,367,417,1197,2318,5515
301,301,301,Westmeadows,43577,316.0,966.0,1648.0,1527.0,1388.0,56,277,257,327,418,265,511,243,408,3975,5848
302,302,302,Wheelers Hill,43647,846.0,3479.0,4003.0,5252.0,6165.0,154,289,480,732,834,888,1333,1436,2635,10167,19753
303,303,303,Whittlesea,43777,329.0,1231.0,1264.0,1501.0,1311.0,39,188,229,279,551,262,350,274,335,4599,5611
304,304,304,Williams Landing,48227,884.0,1181.0,2951.0,1338.0,299.0,69,201,213,273,325,305,495,430,1016,2556,6646
305,305,305,Williamstown,43967,764.0,2891.0,2749.0,4634.0,2922.0,121,117,262,559,570,581,924,1474,2257,10264,13969
306,306,306,Williamstown North,43977,87.0,264.0,388.0,496.0,346.0,12,33,32,74,85,76,100,109,229,1094,1593
307,307,307,Windsor,44117,250.0,475.0,3787.0,1395.0,1378.0,61,50,160,424,363,371,536,692,1683,4071,7281
308,308,308,Wollert,44357,1281.0,1566.0,4023.0,1549.0,631.0,67,502,423,465,585,401,589,391,757,4275,9060
309,309,309,Wonga Park,44437,157.0,883.0,724.0,1291.0,750.0,33,65,120,193,322,233,326,382,430,3136,3796
310,310,310,Wyndham Vale,45307,2448.0,5348.0,8079.0,5207.0,2212.0,163,1206,1067,1312,1400,1066,1696,903,1585,14363,23273
311,311,311,Yallambie,45427,313.0,832.0,1207.0,1068.0,699.0,39,62,94,272,374,177,312,326,496,3182,4117
312,312,312,Yarra Glen,45657,176.0,604.0,682.0,773.0,632.0,32,85,140,131,279,158,192,211,232,2300,2869
313,313,313,Yarraville,45777,1152.0,2275.0,5051.0,4309.0,2162.0,103,245,431,690,770,630,1062,1443,2769,10297,14965
